1,A Dijiang,M,24,180,80,China,CHN,1992 Summer,1992,Summer,Barcelona,Basketball,Basketball Men's Basketball,NA
ID,Name,Sex,Age,Height,Weight,Team,NOC,Games,Year,Season,City,Sport,Event,Medal
2,A Lamusi,M,23,170,60,China,CHN,2012 Summer,2012,Summer,London,Judo,Judo Men's Extra-Lightweight,NA
3,Gunnar Nielsen Aaby,M,24,NA,NA,Denmark,DEN,1920 Summer,1920,Summer,Antwerpen,Football,Football Men's Football,NA
4,Edgar Lindenau Aabye,M,34,NA,NA,Denmark/Sweden,DEN,1900 Summer,1900,Summer,Paris,Tug-Of-War,Tug-Of-War Men's Tug-Of-War,Gold
5,Christine Jacoba Aaftink,F,21,185,82,Netherlands,NED,1988 Winter,1988,Winter,Calgary,Speed Skating,Speed Skating Women's 500 metres,NA
5,Christine Jacoba Aaftink,F,21,185,82,Netherlands,NED,1988 Winter,1988,Winter,Calgary,Speed Skating,"Speed Skating Women's 1,000 metres",NA
5,Christine Jacoba Aaftink,F,25,185,82,Netherlands,NED,1992 Winter,1992,Winter,Albertville,Speed Skating,Speed Skating Women's 500 metres,NA
5,Christine Jacoba Aaftink,F,25,185,82,Netherlands,NED,1992 Winter,1992,Winter,Albertville,Speed Skating,"Speed Skating Women's 1,000 metres",NA
5,Christine Jacoba Aaftink,F,27,185,82,Netherlands,NED,1994 Winter,1994,Winter,Lillehammer,Speed Skating,Speed Skating Women's 500 metres,NA
5,Christine Jacoba Aaftink,F,27,185,82,Netherlands,NED,1994 Winter,1994,Winter,Lillehammer,Speed Skating,"Speed Skating Women's 1,000 metres",NA
6,Per Knut Aaland,M,31,188,75,United States,USA,1992 Winter,1992,Winter,Albertville,Cross Country Skiing,Cross Country Skiing Men's 10 kilometres,NA
6,Per Knut Aaland,M,31,188,75,United States,USA,1992 Winter,1992,Winter,Albertville,Cross Country Skiing,Cross Country Skiing Men's 50 kilometres,NA
6,Per Knut Aaland,M,31,188,75,United States,USA,1992 Winter,1992,Winter,Albertville,Cross Country Skiing,Cross Country Skiing Men's 10/15 kilometres Pursuit,NA
6,Per Knut Aaland,M,31,188,75,United States,USA,1992 Winter,1992,Winter,Albertville,Cross Country Skiing,Cross Country Skiing Men's 4 x 10 kilometres Relay,NA
6,Per Knut Aaland,M,33,188,75,United States,USA,1994 Winter,1994,Winter,Lillehammer,Cross Country Skiing,Cross Country Skiing Men's 10 kilometres,NA
6,Per Knut Aaland,M,33,188,75,United States,USA,1994 Winter,1994,Winter,Lillehammer,Cross Country Skiing,Cross Country Skiing Men's 30 kilometres,NA
6,Per Knut Aaland,M,33,188,75,United States,USA,1994 Winter,1994,Winter,Lillehammer,Cross Country Skiing,Cross Country Skiing Men's 10/15 kilometres Pursuit,NA
6,Per Knut Aaland,M,33,188,75,United States,USA,1994 Winter,1994,Winter,Lillehammer,Cross Country Skiing,Cross Country Skiing Men's 4 x 10 kilometres Relay,NA
7,John Aalberg,M,31,183,72,United States,USA,1992 Winter,1992,Winter,Albertville,Cross Country Skiing,Cross Country Skiing Men's 10 kilometres,NA
7,John Aalberg,M,31,183,72,United States,USA,1992 Winter,1992,Winter,Albertville,Cross Country Skiing,Cross Country Skiing Men's 50 kilometres,NA
7,John Aalberg,M,31,183,72,United States,USA,1992 Winter,1992,Winter,Albertville,Cross Country Skiing,Cross Country Skiing Men's 10/15 kilometres Pursuit,NA
7,John Aalberg,M,31,183,72,United States,USA,1992 Winter,1992,Winter,Albertville,Cross Country Skiing,Cross Country Skiing Men's 4 x 10 kilometres Relay,NA
7,John Aalberg,M,33,183,72,United States,USA,1994 Winter,1994,Winter,Lillehammer,Cross Country Skiing,Cross Country Skiing Men's 10 kilometres,NA
7,John Aalberg,M,33,183,72,United States,USA,1994 Winter,1994,Winter,Lillehammer,Cross Country Skiing,Cross Country Skiing Men's 30 kilometres,NA
7,John Aalberg,M,33,183,72,United States,USA,1994 Winter,1994,Winter,Lillehammer,Cross Country Skiing,Cross Country Skiing Men's 10/15 kilometres Pursuit,NA
7,John Aalberg,M,33,183,72,United States,USA,1994 Winter,1994,Winter,Lillehammer,Cross Country Skiing,Cross Country Skiing Men's 4 x 10 kilometres Relay,NA
8,"Cornelia ""Cor"" Aalten (-Strannood)",F,18,168,NA,Netherlands,NED,1932 Summer,1932,Summer,Los Angeles,Athletics,Athletics Women's 100 metres,NA
211,Sameh Abdel Rahman,M,16,NA,NA,United Arab Republic,UAR,1960 Summer,1960,Summer,Roma,Fencing,"Fencing Men's Foil, Team",NA
211,Sameh Abdel Rahman,M,21,NA,NA,Egypt,EGY,1964 Summer,1964,Summer,Tokyo,Fencing,"Fencing Men's Foil, Individual",NA
211,Sameh Abdel Rahman,M,21,NA,NA,Egypt,EGY,1964 Summer,1964,Summer,Tokyo,Fencing,"Fencing Men's Foil, Team",NA
212,Yasser Abdel Rahman Sakr,M,30,180,120,Egypt,EGY,2008 Summer,2008,Summer,Beijing,Wrestling,"Wrestling Men's Super-Heavyweight, Greco-Roman",NA
213,Samy Abdel Razek,M,28,170,60,Egypt,EGY,2008 Summer,2008,Summer,Beijing,Shooting,"Shooting Men's Free Pistol, 50 metres",NA
213,Samy Abdel Razek,M,36,170,60,Egypt,EGY,2016 Summer,2016,Summer,Rio de Janeiro,Shooting,"Shooting Men's Air Pistol, 10 metres",NA
213,Samy Abdel Razek,M,36,170,60,Egypt,EGY,2016 Summer,2016,Summer,Rio de Janeiro,Shooting,"Shooting Men's Free Pistol, 50 metres",NA
214,Mohamed Youssef Abdel Razik,M,21,NA,NA,Egypt,EGY,1992 Summer,1992,Summer,Barcelona,Football,Football Men's Football,NA
215,Ibrahim Ahmed Abdel Rehim,M,21,190,83,Egypt,EGY,2004 Summer,2004,Summer,Athina,Fencing,"Fencing Men's epee, Team",NA
216,Kamal Abdel Rehim,M,26,190,95,Egypt,EGY,2000 Summer,2000,Summer,Sydney,Rowing,Rowing Men's Coxless Fours,NA
217,Reskalla Mohamed Abdel Rehim,M,22,165,48,Egypt,EGY,2000 Summer,2000,Summer,Sydney,Boxing,Boxing Men's Light-Flyweight,NA
218,Ahmed Ali Abdel Samad,M,27,195,95,Egypt,EGY,2000 Summer,2000,Summer,Sydney,Boxing,Boxing Men's Super-Heavyweight,NA
219,Ali Abdel Sami,M,28,NA,NA,Egypt,EGY,1964 Summer,1964,Summer,Tokyo,Rowing,Rowing Men's Coxed Eights,NA
220,Mohamed Abdel Sami,M,NA,NA,NA,United Arab Republic,UAR,1960 Summer,1960,Summer,Roma,Rowing,Rowing Men's Coxed Eights,NA